reference_date,target_end_date,year,week,week_start,lineage,share,sequences,month,source_url
2024-06-03,2024-06-09,2024,23,2024-06-03,其他,2.4,6275,2024-06,https://www.chinacdc.cn/jksj/xgbdyq/202408/t20240827_295730.html
2024-06-03,2024-06-09,2024,23,2024-06-03,JN.1及其亚分支,72.5,6275,2024-06,https://www.chinacdc.cn/jksj/xgbdyq/202408/t20240827_295730.html
2024-06-03,2024-06-09,2024,23,2024-06-03,XDV及其亚分支,25.1,6275,2024-06,https://www.chinacdc.cn/jksj/xgbdyq/202408/t20240827_295730.html
2024-06-10,2024-06-16,2024,24,2024-06-10,其他,2.6,6275,2024-06,https://www.chinacdc.cn/jksj/xgbdyq/202408/t20240827_295730.html
2024-06-10,2024-06-16,2024,24,2024-06-10,JN.1及其亚分支,66.4,6275,2024-06,https://www.chinacdc.cn/jksj/xgbdyq/202408/t20240827_295730.html
2024-06-10,2024-06-16,2024,24,2024-06-10,XDV及其亚分支,31,6275,2024-06,https://www.chinacdc.cn/jksj/xgbdyq/202408/t20240827_295730.html
2024-06-17,2024-06-23,2024,25,2024-06-17,其他,2.5,6275,2024-06,https://www.chinacdc.cn/jksj/xgbdyq/202408/t20240827_295730.html
2024-06-17,2024-06-23,2024,25,2024-06-17,JN.1及其亚分支,64.6,6275,2024-06,https://www.chinacdc.cn/jksj/xgbdyq/202408/t20240827_295730.html
2024-06-17,2024-06-23,2024,25,2024-06-17,XDV及其亚分支,32.9,6275,2024-06,https://www.chinacdc.cn/jksj/xgbdyq/202408/t20240827_295730.html
2024-06-24,2024-06-30,2024,26,2024-06-24,其他,1.1,6275,2024-06,https://www.chinacdc.cn/jksj/xgbdyq/202408/t20240827_295730.html
2024-06-24,2024-06-30,2024,26,2024-06-24,JN.1及其亚分支,67.5,6275,2024-06,https://www.chinacdc.cn/jksj/xgbdyq/202408/t20240827_295730.html
2024-06-24,2024-06-30,2024,26,2024-06-24,XDV及其亚分支,31.4,6275,2024-06,https://www.chinacdc.cn/jksj/xgbdyq/202408/t20240827_295730.html
2024-07-01,2024-07-07,2024,27,2024-07-01,其他,0.6,7042,2024-07,https://www.chinacdc.cn/jksj/xgbdyq/202408/t20240827_295731.html
2024-07-01,2024-07-07,2024,27,2024-07-01,JN.1及其亚分支,60.6,7042,2024-07,https://www.chinacdc.cn/jksj/xgbdyq/202408/t20240827_295731.html
2024-07-01,2024-07-07,2024,27,2024-07-01,XDV及其亚分支,38.8,7042,2024-07,https://www.chinacdc.cn/jksj/xgbdyq/202408/t20240827_295731.html
2024-07-08,2024-07-14,2024,28,2024-07-08,其他,1.3,7042,2024-07,https://www.chinacdc.cn/jksj/xgbdyq/202408/t20240827_295731.html
2024-07-08,2024-07-14,2024,28,2024-07-08,JN.1及其亚分支,58.3,7042,2024-07,https://www.chinacdc.cn/jksj/xgbdyq/202408/t20240827_295731.html
2024-07-08,2024-07-14,2024,28,2024-07-08,XDV及其亚分支,40.4,7042,2024-07,https://www.chinacdc.cn/jksj/xgbdyq/202408/t20240827_295731.html
2024-07-15,2024-07-21,2024,29,2024-07-15,其他,1.2,7042,2024-07,https://www.chinacdc.cn/jksj/xgbdyq/202408/t20240827_295731.html
2024-07-15,2024-07-21,2024,29,2024-07-15,JN.1及其亚分支,55.2,7042,2024-07,https://www.chinacdc.cn/jksj/xgbdyq/202408/t20240827_295731.html
2024-07-15,2024-07-21,2024,29,2024-07-15,XDV及其亚分支,43.6,7042,2024-07,https://www.chinacdc.cn/jksj/xgbdyq/202408/t20240827_295731.html
2024-07-22,2024-07-28,2024,30,2024-07-22,其他,0.5,7042,2024-07,https://www.chinacdc.cn/jksj/xgbdyq/202408/t20240827_295731.html
2024-07-22,2024-07-28,2024,30,2024-07-22,JN.1及其亚分支,56.1,7042,2024-07,https://www.chinacdc.cn/jksj/xgbdyq/202408/t20240827_295731.html
2024-07-22,2024-07-28,2024,30,2024-07-22,XDV及其亚分支,43.4,7042,2024-07,https://www.chinacdc.cn/jksj/xgbdyq/202408/t20240827_295731.html
2024-08-05,2024-08-11,2024,32,2024-08-05,其他,0.6,12606,2024-08,https://www.chinacdc.cn/jksj/xgbdyq/202409/t20240912_299501.html
2024-08-05,2024-08-11,2024,32,2024-08-05,JN.1及其亚分支,52.4,12606,2024-08,https://www.chinacdc.cn/jksj/xgbdyq/202409/t20240912_299501.html
2024-08-05,2024-08-11,2024,32,2024-08-05,XDV及其亚分支,47,12606,2024-08,https://www.chinacdc.cn/jksj/xgbdyq/202409/t20240912_299501.html
2024-08-12,2024-08-18,2024,33,2024-08-12,其他,0.5,12606,2024-08,https://www.chinacdc.cn/jksj/xgbdyq/202409/t20240912_299501.html
2024-08-12,2024-08-18,2024,33,2024-08-12,JN.1及其亚分支,51.1,12606,2024-08,https://www.chinacdc.cn/jksj/xgbdyq/202409/t20240912_299501.html
2024-08-12,2024-08-18,2024,33,2024-08-12,XDV及其亚分支,48.4,12606,2024-08,https://www.chinacdc.cn/jksj/xgbdyq/202409/t20240912_299501.html
2024-08-19,2024-08-25,2024,34,2024-08-19,其他,0.5,12606,2024-08,https://www.chinacdc.cn/jksj/xgbdyq/202409/t20240912_299501.html
2024-08-19,2024-08-25,2024,34,2024-08-19,JN.1及其亚分支,53.2,12606,2024-08,https://www.chinacdc.cn/jksj/xgbdyq/202409/t20240912_299501.html
2024-08-19,2024-08-25,2024,34,2024-08-19,XDV及其亚分支,46.3,12606,2024-08,https://www.chinacdc.cn/jksj/xgbdyq/202409/t20240912_299501.html
2024-08-26,2024-09-01,2024,35,2024-08-26,JN.1及其亚分支,50.9,12606,2024-08,https://www.chinacdc.cn/jksj/xgbdyq/202409/t20240912_299501.html
2024-08-26,2024-09-01,2024,35,2024-08-26,XDV及其亚分支,49.1,12606,2024-08,https://www.chinacdc.cn/jksj/xgbdyq/202409/t20240912_299501.html
2024-09-02,2024-09-08,2024,36,2024-09-02,其他,0.4,10777,2024-09,https://www.chinacdc.cn/jksj/xgbdyq/202410/t20241015_301483.html
2024-09-02,2024-09-08,2024,36,2024-09-02,JN.1及其亚分支,51.7,10777,2024-09,https://www.chinacdc.cn/jksj/xgbdyq/202410/t20241015_301483.html
2024-09-02,2024-09-08,2024,36,2024-09-02,XDV及其亚分支,47.9,10777,2024-09,https://www.chinacdc.cn/jksj/xgbdyq/202410/t20241015_301483.html
2024-09-09,2024-09-15,2024,37,2024-09-09,JN.1及其亚分支,53.2,10777,2024-09,https://www.chinacdc.cn/jksj/xgbdyq/202410/t20241015_301483.html
2024-09-09,2024-09-15,2024,37,2024-09-09,XDV及其亚分支,46.6,10777,2024-09,https://www.chinacdc.cn/jksj/xgbdyq/202410/t20241015_301483.html
2024-09-16,2024-09-22,2024,38,2024-09-16,其他,0.3,10777,2024-09,https://www.chinacdc.cn/jksj/xgbdyq/202410/t20241015_301483.html
2024-09-16,2024-09-22,2024,38,2024-09-16,JN.1及其亚分支,51.1,10777,2024-09,https://www.chinacdc.cn/jksj/xgbdyq/202410/t20241015_301483.html
2024-09-16,2024-09-22,2024,38,2024-09-16,XDV及其亚分支,48.6,10777,2024-09,https://www.chinacdc.cn/jksj/xgbdyq/202410/t20241015_301483.html
2024-09-23,2024-09-29,2024,39,2024-09-23,其他,0.3,10777,2024-09,https://www.chinacdc.cn/jksj/xgbdyq/202410/t20241015_301483.html
2024-09-23,2024-09-29,2024,39,2024-09-23,JN.1及其亚分支,52.5,10777,2024-09,https://www.chinacdc.cn/jksj/xgbdyq/202410/t20241015_301483.html
2024-09-23,2024-09-29,2024,39,2024-09-23,XDV及其亚分支,47.2,10777,2024-09,https://www.chinacdc.cn/jksj/xgbdyq/202410/t20241015_301483.html
2024-09-30,2024-10-06,2024,40,2024-09-30,其他,1.2,4545,2024-10,https://www.chinacdc.cn/jksj/xgbdyq/202411/t20241111_302498.html
2024-09-30,2024-10-06,2024,40,2024-09-30,JN.1及其亚分支,48.3,4545,2024-10,https://www.chinacdc.cn/jksj/xgbdyq/202411/t20241111_302498.html
2024-09-30,2024-10-06,2024,40,2024-09-30,XDV及其亚分支,50.5,4545,2024-10,https://www.chinacdc.cn/jksj/xgbdyq/202411/t20241111_302498.html
2024-10-07,2024-10-13,2024,41,2024-10-07,其他,1.7,4545,2024-10,https://www.chinacdc.cn/jksj/xgbdyq/202411/t20241111_302498.html
2024-10-07,2024-10-13,2024,41,2024-10-07,JN.1及其亚分支,47.3,4545,2024-10,https://www.chinacdc.cn/jksj/xgbdyq/202411/t20241111_302498.html
2024-10-07,2024-10-13,2024,41,2024-10-07,XDV及其亚分支,51,4545,2024-10,https://www.chinacdc.cn/jksj/xgbdyq/202411/t20241111_302498.html
2024-10-14,2024-10-20,2024,42,2024-10-14,其他,0.5,4545,2024-10,https://www.chinacdc.cn/jksj/xgbdyq/202411/t20241111_302498.html
2024-10-14,2024-10-20,2024,42,2024-10-14,JN.1及其亚分支,44.4,4545,2024-10,https://www.chinacdc.cn/jksj/xgbdyq/202411/t20241111_302498.html
2024-10-14,2024-10-20,2024,42,2024-10-14,XDV及其亚分支,55.1,4545,2024-10,https://www.chinacdc.cn/jksj/xgbdyq/202411/t20241111_302498.html
2024-10-21,2024-10-27,2024,43,2024-10-21,其他,1.8,4545,2024-10,https://www.chinacdc.cn/jksj/xgbdyq/202411/t20241111_302498.html
2024-10-21,2024-10-27,2024,43,2024-10-21,JN.1及其亚分支,41.3,4545,2024-10,https://www.chinacdc.cn/jksj/xgbdyq/202411/t20241111_302498.html
2024-10-21,2024-10-27,2024,43,2024-10-21,XDV及其亚分支,56.9,4545,2024-10,https://www.chinacdc.cn/jksj/xgbdyq/202411/t20241111_302498.html
2024-10-28,2024-11-03,2024,44,2024-10-28,JN.1及其亚分支,41.7,4545,2024-10,https://www.chinacdc.cn/jksj/xgbdyq/202411/t20241111_302498.html
2024-10-28,2024-11-03,2024,44,2024-10-28,XDV及其亚分支,58.3,4545,2024-10,https://www.chinacdc.cn/jksj/xgbdyq/202411/t20241111_302498.html
2024-11-04,2024-11-10,2024,45,2024-11-04,其他,2.3,2948,2024-11,https://www.chinacdc.cn/jksj/xgbdyq/202412/t20241211_303251.html
2024-11-04,2024-11-10,2024,45,2024-11-04,JN.1及其亚分支,39.8,2948,2024-11,https://www.chinacdc.cn/jksj/xgbdyq/202412/t20241211_303251.html
2024-11-04,2024-11-10,2024,45,2024-11-04,XDV及其亚分支,57.9,2948,2024-11,https://www.chinacdc.cn/jksj/xgbdyq/202412/t20241211_303251.html
2024-11-11,2024-11-17,2024,46,2024-11-11,其他,2.9,2948,2024-11,https://www.chinacdc.cn/jksj/xgbdyq/202412/t20241211_303251.html
2024-11-11,2024-11-17,2024,46,2024-11-11,JN.1及其亚分支,40.8,2948,2024-11,https://www.chinacdc.cn/jksj/xgbdyq/202412/t20241211_303251.html
2024-11-11,2024-11-17,2024,46,2024-11-11,XDV及其亚分支,56.3,2948,2024-11,https://www.chinacdc.cn/jksj/xgbdyq/202412/t20241211_303251.html
2024-11-18,2024-11-24,2024,47,2024-11-18,其他,3.4,2948,2024-11,https://www.chinacdc.cn/jksj/xgbdyq/202412/t20241211_303251.html
2024-11-18,2024-11-24,2024,47,2024-11-18,JN.1及其亚分支,43.8,2948,2024-11,https://www.chinacdc.cn/jksj/xgbdyq/202412/t20241211_303251.html
2024-11-18,2024-11-24,2024,47,2024-11-18,XDV及其亚分支,52.8,2948,2024-11,https://www.chinacdc.cn/jksj/xgbdyq/202412/t20241211_303251.html
2024-11-25,2024-12-01,2024,48,2024-11-25,JN.1及其亚分支,32.5,2948,2024-11,https://www.chinacdc.cn/jksj/xgbdyq/202412/t20241211_303251.html
2024-11-25,2024-12-01,2024,48,2024-11-25,XDV及其亚分支,67.5,2948,2024-11,https://www.chinacdc.cn/jksj/xgbdyq/202412/t20241211_303251.html
2024-12-02,2024-12-08,2024,49,2024-12-02,其他,6.2,3836,2024-12,https://www.chinacdc.cn/jksj/xgbdyq/202501/t20250107_303736.html
2024-12-02,2024-12-08,2024,49,2024-12-02,JN.1及其亚分支,31.5,3836,2024-12,https://www.chinacdc.cn/jksj/xgbdyq/202501/t20250107_303736.html
2024-12-02,2024-12-08,2024,49,2024-12-02,XDV及其亚分支,62.3,3836,2024-12,https://www.chinacdc.cn/jksj/xgbdyq/202501/t20250107_303736.html
2024-12-09,2024-12-15,2024,50,2024-12-09,其他,5.4,3836,2024-12,https://www.chinacdc.cn/jksj/xgbdyq/202501/t20250107_303736.html
2024-12-09,2024-12-15,2024,50,2024-12-09,JN.1及其亚分支,30.3,3836,2024-12,https://www.chinacdc.cn/jksj/xgbdyq/202501/t20250107_303736.html
2024-12-09,2024-12-15,2024,50,2024-12-09,XDV及其亚分支,64.3,3836,2024-12,https://www.chinacdc.cn/jksj/xgbdyq/202501/t20250107_303736.html
2024-12-16,2024-12-22,2024,51,2024-12-16,其他,4.4,3836,2024-12,https://www.chinacdc.cn/jksj/xgbdyq/202501/t20250107_303736.html
2024-12-16,2024-12-22,2024,51,2024-12-16,JN.1及其亚分支,35.9,3836,2024-12,https://www.chinacdc.cn/jksj/xgbdyq/202501/t20250107_303736.html
2024-12-16,2024-12-22,2024,51,2024-12-16,XDV及其亚分支,59.7,3836,2024-12,https://www.chinacdc.cn/jksj/xgbdyq/202501/t20250107_303736.html
2024-12-23,2024-12-29,2024,52,2024-12-23,其他,3.3,3836,2024-12,https://www.chinacdc.cn/jksj/xgbdyq/202501/t20250107_303736.html
2024-12-23,2024-12-29,2024,52,2024-12-23,JN.1及其亚分支,37.6,3836,2024-12,https://www.chinacdc.cn/jksj/xgbdyq/202501/t20250107_303736.html
2024-12-23,2024-12-29,2024,52,2024-12-23,XDV及其亚分支,59.1,3836,2024-12,https://www.chinacdc.cn/jksj/xgbdyq/202501/t20250107_303736.html
2024-12-30,2025-01-05,2025,1,2024-12-30,其他,8.4,2718,2025-01,https://www.chinacdc.cn/jksj/xgbdyq/202502/t20250213_304257.html
2024-12-30,2025-01-05,2025,1,2024-12-30,JN.1及其亚分支,31.6,2718,2025-01,https://www.chinacdc.cn/jksj/xgbdyq/202502/t20250213_304257.html
2024-12-30,2025-01-05,2025,1,2024-12-30,XDV及其亚分支,60,2718,2025-01,https://www.chinacdc.cn/jksj/xgbdyq/202502/t20250213_304257.html
2025-01-06,2025-01-12,2025,2,2025-01-06,其他,4.1,2718,2025-01,https://www.chinacdc.cn/jksj/xgbdyq/202502/t20250213_304257.html
2025-01-06,2025-01-12,2025,2,2025-01-06,JN.1及其亚分支,27.8,2718,2025-01,https://www.chinacdc.cn/jksj/xgbdyq/202502/t20250213_304257.html
2025-01-06,2025-01-12,2025,2,2025-01-06,XDV及其亚分支,68.1,2718,2025-01,https://www.chinacdc.cn/jksj/xgbdyq/202502/t20250213_304257.html
2025-01-13,2025-01-19,2025,3,2025-01-13,其他,2.7,2718,2025-01,https://www.chinacdc.cn/jksj/xgbdyq/202502/t20250213_304257.html
2025-01-13,2025-01-19,2025,3,2025-01-13,JN.1及其亚分支,20.8,2718,2025-01,https://www.chinacdc.cn/jksj/xgbdyq/202502/t20250213_304257.html
2025-01-13,2025-01-19,2025,3,2025-01-13,XDV及其亚分支,76.5,2718,2025-01,https://www.chinacdc.cn/jksj/xgbdyq/202502/t20250213_304257.html
2025-01-20,2025-01-26,2025,4,2025-01-20,其他,3.7,2718,2025-01,https://www.chinacdc.cn/jksj/xgbdyq/202502/t20250213_304257.html
2025-01-20,2025-01-26,2025,4,2025-01-20,JN.1及其亚分支,21.5,2718,2025-01,https://www.chinacdc.cn/jksj/xgbdyq/202502/t20250213_304257.html
2025-01-20,2025-01-26,2025,4,2025-01-20,XDV及其亚分支,74.8,2718,2025-01,https://www.chinacdc.cn/jksj/xgbdyq/202502/t20250213_304257.html
2025-01-27,2025-02-02,2025,5,2025-01-27,其他,7.1,2718,2025-01,https://www.chinacdc.cn/jksj/xgbdyq/202502/t20250213_304257.html
2025-01-27,2025-02-02,2025,5,2025-01-27,JN.1及其亚分支,14.3,2718,2025-01,https://www.chinacdc.cn/jksj/xgbdyq/202502/t20250213_304257.html
2025-01-27,2025-02-02,2025,5,2025-01-27,XDV及其亚分支,78.6,2718,2025-01,https://www.chinacdc.cn/jksj/xgbdyq/202502/t20250213_304257.html
2025-02-03,2025-02-09,2025,6,2025-02-03,其他,31.1,2839,2025-02,https://www.chinacdc.cn/jksj/xgbdyq/202503/t20250324_305223.html
2025-02-03,2025-02-09,2025,6,2025-02-03,XDV及其亚分支,68.9,2839,2025-02,https://www.chinacdc.cn/jksj/xgbdyq/202503/t20250324_305223.html
2025-02-10,2025-02-16,2025,7,2025-02-10,其他,30.4,2839,2025-02,https://www.chinacdc.cn/jksj/xgbdyq/202503/t20250324_305223.html
2025-02-10,2025-02-16,2025,7,2025-02-10,XDV及其亚分支,69.6,2839,2025-02,https://www.chinacdc.cn/jksj/xgbdyq/202503/t20250324_305223.html
2025-02-17,2025-02-23,2025,8,2025-02-17,其他,31.6,2839,2025-02,https://www.chinacdc.cn/jksj/xgbdyq/202503/t20250324_305223.html
2025-02-17,2025-02-23,2025,8,2025-02-17,XDV及其亚分支,68.4,2839,2025-02,https://www.chinacdc.cn/jksj/xgbdyq/202503/t20250324_305223.html
2025-02-24,2025-03-02,2025,9,2025-02-24,其他,13.6,2839,2025-02,https://www.chinacdc.cn/jksj/xgbdyq/202503/t20250324_305223.html
2025-02-24,2025-03-02,2025,9,2025-02-24,XDV及其亚分支,86.4,2839,2025-02,https://www.chinacdc.cn/jksj/xgbdyq/202503/t20250324_305223.html
2025-03-03,2025-03-09,2025,10,2025-03-03,其他,27.6,4381,2025-03,https://www.chinacdc.cn/jksj/xgbdyq/202504/t20250417_306020.html
2025-03-03,2025-03-09,2025,10,2025-03-03,XDV及其亚分支,72.4,4381,2025-03,https://www.chinacdc.cn/jksj/xgbdyq/202504/t20250417_306020.html
2025-03-10,2025-03-16,2025,11,2025-03-10,其他,23.8,4381,2025-03,https://www.chinacdc.cn/jksj/xgbdyq/202504/t20250417_306020.html
2025-03-10,2025-03-16,2025,11,2025-03-10,XDV及其亚分支,76.2,4381,2025-03,https://www.chinacdc.cn/jksj/xgbdyq/202504/t20250417_306020.html
2025-03-17,2025-03-23,2025,12,2025-03-17,其他,20.1,4381,2025-03,https://www.chinacdc.cn/jksj/xgbdyq/202504/t20250417_306020.html
2025-03-17,2025-03-23,2025,12,2025-03-17,XDV及其亚分支,79.9,4381,2025-03,https://www.chinacdc.cn/jksj/xgbdyq/202504/t20250417_306020.html
2025-03-24,2025-03-30,2025,13,2025-03-24,其他,12.8,4381,2025-03,https://www.chinacdc.cn/jksj/xgbdyq/202504/t20250417_306020.html
2025-03-24,2025-03-30,2025,13,2025-03-24,XDV及其亚分支,87.2,4381,2025-03,https://www.chinacdc.cn/jksj/xgbdyq/202504/t20250417_306020.html
2025-03-31,2025-04-06,2025,14,2025-03-31,其他,9.9,8588,2025-04,https://www.chinacdc.cn/jksj/xgbdyq/202505/t20250513_306737.html
2025-03-31,2025-04-06,2025,14,2025-03-31,XDV及其亚分支,90.1,8588,2025-04,https://www.chinacdc.cn/jksj/xgbdyq/202505/t20250513_306737.html
2025-04-07,2025-04-13,2025,15,2025-04-07,其他,7.2,8588,2025-04,https://www.chinacdc.cn/jksj/xgbdyq/202505/t20250513_306737.html
2025-04-07,2025-04-13,2025,15,2025-04-07,XDV及其亚分支,92.8,8588,2025-04,https://www.chinacdc.cn/jksj/xgbdyq/202505/t20250513_306737.html
2025-04-14,2025-04-20,2025,16,2025-04-14,其他,6.5,8588,2025-04,https://www.chinacdc.cn/jksj/xgbdyq/202505/t20250513_306737.html
2025-04-14,2025-04-20,2025,16,2025-04-14,XDV及其亚分支,93.5,8588,2025-04,https://www.chinacdc.cn/jksj/xgbdyq/202505/t20250513_306737.html
2025-04-21,2025-04-27,2025,17,2025-04-21,其他,4.5,8588,2025-04,https://www.chinacdc.cn/jksj/xgbdyq/202505/t20250513_306737.html
2025-04-21,2025-04-27,2025,17,2025-04-21,XDV及其亚分支,95.5,8588,2025-04,https://www.chinacdc.cn/jksj/xgbdyq/202505/t20250513_306737.html
2025-04-28,2025-05-04,2025,18,2025-04-28,其他,1,8588,2025-04,https://www.chinacdc.cn/jksj/xgbdyq/202505/t20250513_306737.html
2025-04-28,2025-05-04,2025,18,2025-04-28,XDV及其亚分支,99,8588,2025-04,https://www.chinacdc.cn/jksj/xgbdyq/202505/t20250513_306737.html
2025-05-05,2025-05-11,2025,19,2025-05-05,其他,14.7,12275,2025-05,https://www.chinacdc.cn/jksj/xgbdyq/202506/t20250605_307356.html
2025-05-05,2025-05-11,2025,19,2025-05-05,NB.1.8.1及其亚分支,85.3,12275,2025-05,https://www.chinacdc.cn/jksj/xgbdyq/202506/t20250605_307356.html
2025-05-12,2025-05-18,2025,20,2025-05-12,其他,11.6,12275,2025-05,https://www.chinacdc.cn/jksj/xgbdyq/202506/t20250605_307356.html
2025-05-12,2025-05-18,2025,20,2025-05-12,NB.1.8.1及其亚分支,88.4,12275,2025-05,https://www.chinacdc.cn/jksj/xgbdyq/202506/t20250605_307356.html
2025-05-19,2025-05-25,2025,21,2025-05-19,其他,7.9,12275,2025-05,https://www.chinacdc.cn/jksj/xgbdyq/202506/t20250605_307356.html
2025-05-19,2025-05-25,2025,21,2025-05-19,NB.1.8.1及其亚分支,92.1,12275,2025-05,https://www.chinacdc.cn/jksj/xgbdyq/202506/t20250605_307356.html
2025-05-26,2025-06-01,2025,22,2025-05-26,其他,8.1,12275,2025-05,https://www.chinacdc.cn/jksj/xgbdyq/202506/t20250605_307356.html
2025-05-26,2025-06-01,2025,22,2025-05-26,NB.1.8.1及其亚分支,91.9,12275,2025-05,https://www.chinacdc.cn/jksj/xgbdyq/202506/t20250605_307356.html
2025-06-02,2025-06-08,2025,23,2025-06-02,其他,5.3,12834,2025-06,https://www.chinacdc.cn/jksj/xgbdyq/202507/t20250703_308176.html
2025-06-02,2025-06-08,2025,23,2025-06-02,NB.1.8.1及其亚分支,94.7,12834,2025-06,https://www.chinacdc.cn/jksj/xgbdyq/202507/t20250703_308176.html
2025-06-09,2025-06-15,2025,24,2025-06-09,其他,4.9,12834,2025-06,https://www.chinacdc.cn/jksj/xgbdyq/202507/t20250703_308176.html
2025-06-09,2025-06-15,2025,24,2025-06-09,NB.1.8.1及其亚分支,95.1,12834,2025-06,https://www.chinacdc.cn/jksj/xgbdyq/202507/t20250703_308176.html
2025-06-16,2025-06-22,2025,25,2025-06-16,其他,5.2,12834,2025-06,https://www.chinacdc.cn/jksj/xgbdyq/202507/t20250703_308176.html
2025-06-16,2025-06-22,2025,25,2025-06-16,NB.1.8.1及其亚分支,94.8,12834,2025-06,https://www.chinacdc.cn/jksj/xgbdyq/202507/t20250703_308176.html
2025-06-23,2025-06-29,2025,26,2025-06-23,其他,3.1,12834,2025-06,https://www.chinacdc.cn/jksj/xgbdyq/202507/t20250703_308176.html
2025-06-23,2025-06-29,2025,26,2025-06-23,NB.1.8.1及其亚分支,96.9,12834,2025-06,https://www.chinacdc.cn/jksj/xgbdyq/202507/t20250703_308176.html
2025-06-30,2025-07-06,2025,27,2025-06-30,其他,3.7,10073,2025-07,https://www.chinacdc.cn/jksj/xgbdyq/202508/t20250806_309202.html
2025-06-30,2025-07-06,2025,27,2025-06-30,NB.1.8.1及其亚分支,96.3,10073,2025-07,https://www.chinacdc.cn/jksj/xgbdyq/202508/t20250806_309202.html
2025-07-07,2025-07-13,2025,28,2025-07-07,其他,3.6,10073,2025-07,https://www.chinacdc.cn/jksj/xgbdyq/202508/t20250806_309202.html
2025-07-07,2025-07-13,2025,28,2025-07-07,NB.1.8.1及其亚分支,96.4,10073,2025-07,https://www.chinacdc.cn/jksj/xgbdyq/202508/t20250806_309202.html
2025-07-14,2025-07-20,2025,29,2025-07-14,其他,3.3,10073,2025-07,https://www.chinacdc.cn/jksj/xgbdyq/202508/t20250806_309202.html
2025-07-14,2025-07-20,2025,29,2025-07-14,NB.1.8.1及其亚分支,96.7,10073,2025-07,https://www.chinacdc.cn/jksj/xgbdyq/202508/t20250806_309202.html
2025-07-21,2025-07-27,2025,30,2025-07-21,其他,2.9,10073,2025-07,https://www.chinacdc.cn/jksj/xgbdyq/202508/t20250806_309202.html
2025-07-21,2025-07-27,2025,30,2025-07-21,NB.1.8.1及其亚分支,97.1,10073,2025-07,https://www.chinacdc.cn/jksj/xgbdyq/202508/t20250806_309202.html
2025-07-28,2025-08-03,2025,31,2025-07-28,其他,4.8,10073,2025-07,https://www.chinacdc.cn/jksj/xgbdyq/202508/t20250806_309202.html
2025-07-28,2025-08-03,2025,31,2025-07-28,NB.1.8.1及其亚分支,95.2,10073,2025-07,https://www.chinacdc.cn/jksj/xgbdyq/202508/t20250806_309202.html
2025-08-04,2025-08-10,2025,32,2025-08-04,其他,2.5,8699,2025-08,https://www.chinacdc.cn/jksj/xgbdyq/202509/t20250905_310229.html
2025-08-04,2025-08-10,2025,32,2025-08-04,NB.1.8.1及其亚分支,97.5,8699,2025-08,https://www.chinacdc.cn/jksj/xgbdyq/202509/t20250905_310229.html
2025-08-11,2025-08-17,2025,33,2025-08-11,其他,2.2,8699,2025-08,https://www.chinacdc.cn/jksj/xgbdyq/202509/t20250905_310229.html
2025-08-11,2025-08-17,2025,33,2025-08-11,NB.1.8.1及其亚分支,97.8,8699,2025-08,https://www.chinacdc.cn/jksj/xgbdyq/202509/t20250905_310229.html
2025-08-18,2025-08-24,2025,34,2025-08-18,其他,1.8,8699,2025-08,https://www.chinacdc.cn/jksj/xgbdyq/202509/t20250905_310229.html
2025-08-18,2025-08-24,2025,34,2025-08-18,NB.1.8.1及其亚分支,98.2,8699,2025-08,https://www.chinacdc.cn/jksj/xgbdyq/202509/t20250905_310229.html
2025-08-25,2025-08-31,2025,35,2025-08-25,其他,4.8,8699,2025-08,https://www.chinacdc.cn/jksj/xgbdyq/202509/t20250905_310229.html
2025-08-25,2025-08-31,2025,35,2025-08-25,NB.1.8.1及其亚分支,95.2,8699,2025-08,https://www.chinacdc.cn/jksj/xgbdyq/202509/t20250905_310229.html
2025-09-01,2025-09-07,2025,36,2025-09-01,其他,2.1,7237,2025-09,https://www.chinacdc.cn/jksj/xgbdyq/202510/t20251011_312903.html
2025-09-01,2025-09-07,2025,36,2025-09-01,NB.1.8.1及其亚分支,97.9,7237,2025-09,https://www.chinacdc.cn/jksj/xgbdyq/202510/t20251011_312903.html
2025-09-08,2025-09-14,2025,37,2025-09-08,其他,2.2,7237,2025-09,https://www.chinacdc.cn/jksj/xgbdyq/202510/t20251011_312903.html
2025-09-08,2025-09-14,2025,37,2025-09-08,NB.1.8.1及其亚分支,97.8,7237,2025-09,https://www.chinacdc.cn/jksj/xgbdyq/202510/t20251011_312903.html
2025-09-15,2025-09-21,2025,38,2025-09-15,其他,1.8,7237,2025-09,https://www.chinacdc.cn/jksj/xgbdyq/202510/t20251011_312903.html
2025-09-15,2025-09-21,2025,38,2025-09-15,NB.1.8.1及其亚分支,98.2,7237,2025-09,https://www.chinacdc.cn/jksj/xgbdyq/202510/t20251011_312903.html
2025-09-22,2025-09-28,2025,39,2025-09-22,其他,1.6,7237,2025-09,https://www.chinacdc.cn/jksj/xgbdyq/202510/t20251011_312903.html
2025-09-22,2025-09-28,2025,39,2025-09-22,NB.1.8.1及其亚分支,98.4,7237,2025-09,https://www.chinacdc.cn/jksj/xgbdyq/202510/t20251011_312903.html
2025-09-29,2025-10-05,2025,40,2025-09-29,其他,2.5,3115,2025-10,https://www.chinacdc.cn/jksj/xgbdyq/202511/t20251105_313287.html
2025-09-29,2025-10-05,2025,40,2025-09-29,NB.1.8.1及其亚分支,97.5,3115,2025-10,https://www.chinacdc.cn/jksj/xgbdyq/202511/t20251105_313287.html
2025-10-06,2025-10-12,2025,41,2025-10-06,其他,3.2,3115,2025-10,https://www.chinacdc.cn/jksj/xgbdyq/202511/t20251105_313287.html
2025-10-06,2025-10-12,2025,41,2025-10-06,NB.1.8.1及其亚分支,96.8,3115,2025-10,https://www.chinacdc.cn/jksj/xgbdyq/202511/t20251105_313287.html
2025-10-13,2025-10-19,2025,42,2025-10-13,其他,3.1,3115,2025-10,https://www.chinacdc.cn/jksj/xgbdyq/202511/t20251105_313287.html
2025-10-13,2025-10-19,2025,42,2025-10-13,NB.1.8.1及其亚分支,96.9,3115,2025-10,https://www.chinacdc.cn/jksj/xgbdyq/202511/t20251105_313287.html
2025-10-20,2025-10-26,2025,43,2025-10-20,其他,3.3,3115,2025-10,https://www.chinacdc.cn/jksj/xgbdyq/202511/t20251105_313287.html
2025-10-20,2025-10-26,2025,43,2025-10-20,NB.1.8.1及其亚分支,96.7,3115,2025-10,https://www.chinacdc.cn/jksj/xgbdyq/202511/t20251105_313287.html
2025-10-27,2025-11-02,2025,44,2025-10-27,其他,3.1,3115,2025-10,https://www.chinacdc.cn/jksj/xgbdyq/202511/t20251105_313287.html
2025-10-27,2025-11-02,2025,44,2025-10-27,NB.1.8.1及其亚分支,96.9,3115,2025-10,https://www.chinacdc.cn/jksj/xgbdyq/202511/t20251105_313287.html
2025-11-03,2025-11-09,2025,45,2025-11-03,其他,1.1,2535,2025-11,https://www.chinacdc.cn/jksj/xgbdyq/202512/t20251205_313996.html
2025-11-03,2025-11-09,2025,45,2025-11-03,NB.1.8.1及其亚分支,98.9,2535,2025-11,https://www.chinacdc.cn/jksj/xgbdyq/202512/t20251205_313996.html
2025-11-10,2025-11-16,2025,46,2025-11-10,其他,4.2,2535,2025-11,https://www.chinacdc.cn/jksj/xgbdyq/202512/t20251205_313996.html
2025-11-10,2025-11-16,2025,46,2025-11-10,NB.1.8.1及其亚分支,95.8,2535,2025-11,https://www.chinacdc.cn/jksj/xgbdyq/202512/t20251205_313996.html
2025-11-17,2025-11-23,2025,47,2025-11-17,其他,1.5,2535,2025-11,https://www.chinacdc.cn/jksj/xgbdyq/202512/t20251205_313996.html
2025-11-17,2025-11-23,2025,47,2025-11-17,NB.1.8.1及其亚分支,98.5,2535,2025-11,https://www.chinacdc.cn/jksj/xgbdyq/202512/t20251205_313996.html
2025-11-24,2025-11-30,2025,48,2025-11-24,其他,1.9,2535,2025-11,https://www.chinacdc.cn/jksj/xgbdyq/202512/t20251205_313996.html
2025-11-24,2025-11-30,2025,48,2025-11-24,NB.1.8.1及其亚分支,98.1,2535,2025-11,https://www.chinacdc.cn/jksj/xgbdyq/202512/t20251205_313996.html
2025-12-01,2025-12-07,2025,49,2025-12-01,其他,3,2879,2025-12,https://www.chinacdc.cn/jksj/xgbdyq/202601/t20260109_314543.html
2025-12-01,2025-12-07,2025,49,2025-12-01,NB.1.8.1及其亚分支,97,2879,2025-12,https://www.chinacdc.cn/jksj/xgbdyq/202601/t20260109_314543.html
2025-12-08,2025-12-14,2025,50,2025-12-08,其他,4.8,2879,2025-12,https://www.chinacdc.cn/jksj/xgbdyq/202601/t20260109_314543.html
2025-12-08,2025-12-14,2025,50,2025-12-08,NB.1.8.1及其亚分支,95.2,2879,2025-12,https://www.chinacdc.cn/jksj/xgbdyq/202601/t20260109_314543.html
2025-12-15,2025-12-21,2025,51,2025-12-15,其他,6.2,2879,2025-12,https://www.chinacdc.cn/jksj/xgbdyq/202601/t20260109_314543.html
2025-12-15,2025-12-21,2025,51,2025-12-15,NB.1.8.1及其亚分支,93.8,2879,2025-12,https://www.chinacdc.cn/jksj/xgbdyq/202601/t20260109_314543.html
2025-12-22,2025-12-28,2025,52,2025-12-22,其他,4.4,2879,2025-12,https://www.chinacdc.cn/jksj/xgbdyq/202601/t20260109_314543.html
2025-12-22,2025-12-28,2025,52,2025-12-22,NB.1.8.1及其亚分支,95.6,2879,2025-12,https://www.chinacdc.cn/jksj/xgbdyq/202601/t20260109_314543.html
2025-12-29,2026-01-04,2026,1,2025-12-29,其他,1.4,2065,2026-01,https://www.chinacdc.cn/jksj/xgbdyq/202602/t20260203_314905.html
2025-12-29,2026-01-04,2026,1,2025-12-29,NB.1.8.1及其亚分支,98.6,2065,2026-01,https://www.chinacdc.cn/jksj/xgbdyq/202602/t20260203_314905.html
2026-01-05,2026-01-11,2026,2,2026-01-05,其他,2.5,2065,2026-01,https://www.chinacdc.cn/jksj/xgbdyq/202602/t20260203_314905.html
2026-01-05,2026-01-11,2026,2,2026-01-05,NB.1.8.1及其亚分支,97.5,2065,2026-01,https://www.chinacdc.cn/jksj/xgbdyq/202602/t20260203_314905.html
2026-01-12,2026-01-18,2026,3,2026-01-12,其他,1,2065,2026-01,https://www.chinacdc.cn/jksj/xgbdyq/202602/t20260203_314905.html
2026-01-12,2026-01-18,2026,3,2026-01-12,NB.1.8.1及其亚分支,99,2065,2026-01,https://www.chinacdc.cn/jksj/xgbdyq/202602/t20260203_314905.html
2026-01-19,2026-01-25,2026,4,2026-01-19,其他,0.6,2065,2026-01,https://www.chinacdc.cn/jksj/xgbdyq/202602/t20260203_314905.html
2026-01-19,2026-01-25,2026,4,2026-01-19,NB.1.8.1及其亚分支,99.4,2065,2026-01,https://www.chinacdc.cn/jksj/xgbdyq/202602/t20260203_314905.html
2026-01-26,2026-02-01,2026,5,2026-01-26,NB.1.8.1及其亚分支,100,2065,2026-01,https://www.chinacdc.cn/jksj/xgbdyq/202602/t20260203_314905.html
2026-02-02,2026-02-08,2026,6,2026-02-02,其他,0.7,1784,2026-02,https://www.chinacdc.cn/jksj/xgbdyq/202603/t20260310_315330.html
2026-02-02,2026-02-08,2026,6,2026-02-02,NB.1.8.1及其亚分支,99.3,1784,2026-02,https://www.chinacdc.cn/jksj/xgbdyq/202603/t20260310_315330.html
2026-02-09,2026-02-15,2026,7,2026-02-09,其他,0.7,1784,2026-02,https://www.chinacdc.cn/jksj/xgbdyq/202603/t20260310_315330.html
2026-02-09,2026-02-15,2026,7,2026-02-09,NB.1.8.1及其亚分支,99.3,1784,2026-02,https://www.chinacdc.cn/jksj/xgbdyq/202603/t20260310_315330.html
2026-02-16,2026-02-22,2026,8,2026-02-16,其他,0.5,1784,2026-02,https://www.chinacdc.cn/jksj/xgbdyq/202603/t20260310_315330.html
2026-02-16,2026-02-22,2026,8,2026-02-16,NB.1.8.1及其亚分支,99.5,1784,2026-02,https://www.chinacdc.cn/jksj/xgbdyq/202603/t20260310_315330.html
2026-02-23,2026-03-01,2026,9,2026-02-23,NB.1.8.1及其亚分支,100,1784,2026-02,https://www.chinacdc.cn/jksj/xgbdyq/202603/t20260310_315330.html
2026-03-02,2026-03-08,2026,10,2026-03-02,其他,1.3,2714,2026-03,https://www.chinacdc.cn/jksj/xgbdyq/202604/t20260407_316151.html
2026-03-02,2026-03-08,2026,10,2026-03-02,NB.1.8.1及其亚分支,98.7,2714,2026-03,https://www.chinacdc.cn/jksj/xgbdyq/202604/t20260407_316151.html
2026-03-09,2026-03-15,2026,11,2026-03-09,其他,0.9,2714,2026-03,https://www.chinacdc.cn/jksj/xgbdyq/202604/t20260407_316151.html
2026-03-09,2026-03-15,2026,11,2026-03-09,NB.1.8.1及其亚分支,99.1,2714,2026-03,https://www.chinacdc.cn/jksj/xgbdyq/202604/t20260407_316151.html
2026-03-16,2026-03-22,2026,12,2026-03-16,其他,1.5,2714,2026-03,https://www.chinacdc.cn/jksj/xgbdyq/202604/t20260407_316151.html
2026-03-16,2026-03-22,2026,12,2026-03-16,NB.1.8.1及其亚分支,98.5,2714,2026-03,https://www.chinacdc.cn/jksj/xgbdyq/202604/t20260407_316151.html
2026-03-23,2026-03-29,2026,13,2026-03-23,NB.1.8.1及其亚分支,100,2714,2026-03,https://www.chinacdc.cn/jksj/xgbdyq/202604/t20260407_316151.html
2026-03-30,2026-04-05,2026,14,2026-03-30,其他,1.3,2840,2026-04,https://www.chinacdc.cn/jksj/xgbdyq/202605/t20260512_1835734.html
2026-03-30,2026-04-05,2026,14,2026-03-30,NB.1.8.1及其亚分支,98.7,2840,2026-04,https://www.chinacdc.cn/jksj/xgbdyq/202605/t20260512_1835734.html
2026-04-06,2026-04-12,2026,15,2026-04-06,其他,1,2840,2026-04,https://www.chinacdc.cn/jksj/xgbdyq/202605/t20260512_1835734.html
2026-04-06,2026-04-12,2026,15,2026-04-06,NB.1.8.1及其亚分支,99,2840,2026-04,https://www.chinacdc.cn/jksj/xgbdyq/202605/t20260512_1835734.html
2026-04-13,2026-04-19,2026,16,2026-04-13,其他,1.2,2840,2026-04,https://www.chinacdc.cn/jksj/xgbdyq/202605/t20260512_1835734.html
2026-04-13,2026-04-19,2026,16,2026-04-13,NB.1.8.1及其亚分支,98.8,2840,2026-04,https://www.chinacdc.cn/jksj/xgbdyq/202605/t20260512_1835734.html
2026-04-20,2026-04-26,2026,17,2026-04-20,其他,5.4,2840,2026-04,https://www.chinacdc.cn/jksj/xgbdyq/202605/t20260512_1835734.html
2026-04-20,2026-04-26,2026,17,2026-04-20,NB.1.8.1及其亚分支,94.6,2840,2026-04,https://www.chinacdc.cn/jksj/xgbdyq/202605/t20260512_1835734.html
2026-04-27,2026-05-03,2026,18,2026-04-27,其他,2.6,2840,2026-04,https://www.chinacdc.cn/jksj/xgbdyq/202605/t20260512_1835734.html
2026-04-27,2026-05-03,2026,18,2026-04-27,NB.1.8.1及其亚分支,97.4,2840,2026-04,https://www.chinacdc.cn/jksj/xgbdyq/202605/t20260512_1835734.html
2026-05-04,2026-05-10,2026,19,2026-05-04,其他,2.7,1786,2026-05,https://www.chinacdc.cn/jksj/xgbdyq/202606/t20260605_1836511.html
2026-05-04,2026-05-10,2026,19,2026-05-04,NB.1.8.1及其亚分支,97.3,1786,2026-05,https://www.chinacdc.cn/jksj/xgbdyq/202606/t20260605_1836511.html
2026-05-11,2026-05-17,2026,20,2026-05-11,其他,2,1786,2026-05,https://www.chinacdc.cn/jksj/xgbdyq/202606/t20260605_1836511.html
2026-05-11,2026-05-17,2026,20,2026-05-11,NB.1.8.1及其亚分支,98,1786,2026-05,https://www.chinacdc.cn/jksj/xgbdyq/202606/t20260605_1836511.html
2026-05-18,2026-05-24,2026,21,2026-05-18,其他,3.9,1786,2026-05,https://www.chinacdc.cn/jksj/xgbdyq/202606/t20260605_1836511.html
2026-05-18,2026-05-24,2026,21,2026-05-18,NB.1.8.1及其亚分支,96.1,1786,2026-05,https://www.chinacdc.cn/jksj/xgbdyq/202606/t20260605_1836511.html
2026-05-25,2026-05-31,2026,22,2026-05-25,其他,4,1786,2026-05,https://www.chinacdc.cn/jksj/xgbdyq/202606/t20260605_1836511.html
2026-05-25,2026-05-31,2026,22,2026-05-25,NB.1.8.1及其亚分支,96,1786,2026-05,https://www.chinacdc.cn/jksj/xgbdyq/202606/t20260605_1836511.html
2026-06-01,2026-06-07,2026,23,2026-06-01,其他,1.5,3741,2026-06,https://www.chinacdc.cn/jksj/xgbdyq/202607/t20260708_1837916.html
2026-06-01,2026-06-07,2026,23,2026-06-01,NB.1.8.1及其亚分支,98.5,3741,2026-06,https://www.chinacdc.cn/jksj/xgbdyq/202607/t20260708_1837916.html
2026-06-08,2026-06-14,2026,24,2026-06-08,其他,1.9,3741,2026-06,https://www.chinacdc.cn/jksj/xgbdyq/202607/t20260708_1837916.html
2026-06-08,2026-06-14,2026,24,2026-06-08,NB.1.8.1及其亚分支,98.1,3741,2026-06,https://www.chinacdc.cn/jksj/xgbdyq/202607/t20260708_1837916.html
2026-06-15,2026-06-21,2026,25,2026-06-15,其他,1.2,3741,2026-06,https://www.chinacdc.cn/jksj/xgbdyq/202607/t20260708_1837916.html
2026-06-15,2026-06-21,2026,25,2026-06-15,NB.1.8.1及其亚分支,98.8,3741,2026-06,https://www.chinacdc.cn/jksj/xgbdyq/202607/t20260708_1837916.html
2026-06-22,2026-06-28,2026,26,2026-06-22,其他,4.1,3741,2026-06,https://www.chinacdc.cn/jksj/xgbdyq/202607/t20260708_1837916.html
2026-06-22,2026-06-28,2026,26,2026-06-22,NB.1.8.1及其亚分支,95.9,3741,2026-06,https://www.chinacdc.cn/jksj/xgbdyq/202607/t20260708_1837916.html
2026-06-29,2026-07-05,2026,27,2026-06-29,其他,1.8,11204,2026-07,https://www.chinacdc.cn/jksj/xgbdyq/202608/t20260813_1838941.html
2026-06-29,2026-07-05,2026,27,2026-06-29,NB.1.8.1及其亚分支,98.2,11204,2026-07,https://www.chinacdc.cn/jksj/xgbdyq/202608/t20260813_1838941.html
2026-07-06,2026-07-12,2026,28,2026-07-06,其他,1.1,11204,2026-07,https://www.chinacdc.cn/jksj/xgbdyq/202608/t20260813_1838941.html
2026-07-06,2026-07-12,2026,28,2026-07-06,NB.1.8.1及其亚分支,98.9,11204,2026-07,https://www.chinacdc.cn/jksj/xgbdyq/202608/t20260813_1838941.html
2026-07-13,2026-07-19,2026,29,2026-07-13,其他,0.8,11204,2026-07,https://www.chinacdc.cn/jksj/xgbdyq/202608/t20260813_1838941.html
2026-07-13,2026-07-19,2026,29,2026-07-13,NB.1.8.1及其亚分支,99.2,11204,2026-07,https://www.chinacdc.cn/jksj/xgbdyq/202608/t20260813_1838941.html
2026-07-20,2026-07-26,2026,30,2026-07-20,其他,0.6,11204,2026-07,https://www.chinacdc.cn/jksj/xgbdyq/202608/t20260813_1838941.html
2026-07-20,2026-07-26,2026,30,2026-07-20,NB.1.8.1及其亚分支,99.4,11204,2026-07,https://www.chinacdc.cn/jksj/xgbdyq/202608/t20260813_1838941.html
2026-07-27,2026-08-02,2026,31,2026-07-27,其他,1,11204,2026-07,https://www.chinacdc.cn/jksj/xgbdyq/202608/t20260813_1838941.html
2026-07-27,2026-08-02,2026,31,2026-07-27,NB.1.8.1及其亚分支,99,11204,2026-07,https://www.chinacdc.cn/jksj/xgbdyq/202608/t20260813_1838941.html
